track_id,frame_id,timestamp_ms,agent_type,x,y,vx,vy,yaw_rad,heading_rad,length,width,ax,ay,v_lon,v_lat,a_lon,a_lat,bbox_x_center,bbox_y_center,bbox_width,bbox_height,x_center,y_center
1,0,0.0,motorcycle,31.378727740867568,24.664811033024606,-3.344627862650695,1.0552600172321334,2.858849314766712,2.858849314766712,1.5532630963888174,0.7057890044247372,0.17233901814793606,-1.0473541873050551,3.506233176809201,-0.08023810460481962,-0.4576985740542824,0.9576865594495434,394,92,24.23139553211456,30.199577883006526,394.5110130761128,106.05470813953295
1,1,100.10010010010011,motorcycle,31.029632258365567,24.767255892749517,-3.3248485659057785,0.9523670220450036,2.8698531239827787,2.8860835295388196,1.5532630963888174,0.7057890044247372,0.19254394321495638,-1.0317916549965533,3.4584672377986303,-0.025005918461309395,-0.46241929030648654,0.9422502795657512,389,92,24.430609836816984,30.372997763829773,389.8501409445173,106.30076981118569
1,2,200.20020020020021,motorcycle,30.685250560930704,24.86556345858085,-3.2961629385853985,0.856333990795928,2.878323591218942,2.8988321463564133,1.5532630963888174,0.7057890044247372,0.25813438706095704,-0.9812716259394563,3.405442633156012,0.03095955070507528,-0.5046047330901138,0.880284856736872,385,92,24.62681518442747,30.546358759051714,385.2366541060648,106.5565987719697
1,3,300.3003003003003,motorcycle,30.34475149632923,24.958500242631516,-3.2495097784131075,0.7727802828541349,2.8884308762495325,2.9109017706848266,1.5532630963888174,0.7057890044247372,0.38008565421124135,-0.895308327217061,3.339488114359773,0.06574419837772894,-0.5922150317495074,0.7715720714821974,380,93,24.820837453672482,30.720873428394952,380.6790882217027,106.82501460373729
1,4,400.40040040040043,motorcycle,30.01190139583555,25.04613169451147,-3.1778971530985225,0.7049369743563966,2.898994115481278,2.9219003310397276,1.5532630963888174,0.7057890044247372,0.5494816821151142,-0.7854066306269245,3.25418294897101,0.0791188227464733,-0.7220662180829511,0.6304078609251138,376,93,25.010368154576497,30.894068688196285,376.2166975666837,107.10096975771728
1,5,500.5005005005005,motorcycle,29.69139280665918,25.128722094469463,-3.0816563554063463,0.6535139564264488,2.909538724352309,2.9305521370013023,1.5532630963888174,0.7057890044247372,0.7348941816434031,-0.6631268629891078,3.149349024340458,0.07271249511798328,-0.8676999945812209,0.47634379814882777,371,93,25.1924545307553,31.06266947043008,371.89798772900303,107.37753303804593
1,6,600.6006006006006,motorcycle,29.388901487841228,25.205692989631014,-2.970038758084899,0.6186515797442576,2.919227470040393,2.9336871532952813,1.5532630963888174,0.7057890044247372,0.8927847721452522,-0.5323624752032045,3.03334782720361,0.05158450199130549,-0.988208854566685,0.3223627058686118,367,93,25.363730184853807,31.223110236835737,367.79453498796215,107.64739803647436
1,7,700.7007007007007,motorcycle,29.11122009712035,25.27632537717134,-2.8590318523585845,0.6008686528853796,2.9256506667912205,2.927312690559575,1.5532630963888174,0.7057890044247372,0.9783256746802408,-0.39200206265500154,2.921377513536838,0.025684513282689836,-1.0395974052676547,0.1732742849504337,364,93,25.520197347328462,31.37107213698917,363.9941242794859,107.90148987389438
1,8,800.8008008008009,motorcycle,28.8648407891076,25.34078938915331,-2.7670140579740194,0.5996625276496983,2.92387972422216,2.914239384566887,1.5532630963888174,0.7057890044247372,0.9554941476206192,-0.24513882595694447,2.8312213045141443,0.012160138087286776,-0.9858880332177333,0.03296810711691217,360,94,25.65784303894094,31.501862437591825,360.5730624645942,108.12919374453091
1,9,900.900900900901,motorcycle,28.609492369951475,25.41140023740908,-2.702934526358388,0.611807022808625,2.9181409151528,2.9143130546793397,1.5532630963888174,0.7057890044247372,0.8344972596909105,-0.10452598183037842,2.771309670947847,0.002365301065321068,-0.8369129231702316,-0.08299467657567902,357,94,25.798614231635554,31.635719405534786,356.9541808705204,108.3642587753786
1,10,1001.001001001001,motorcycle,28.357831122411728,25.486376787434452,-2.658237424714405,0.6370946362059089,2.9175544024603206,2.9117668305920543,1.5532630963888174,0.7057890044247372,0.685503571097426,0.032630349173405626,2.7333458826229458,-0.030595221568070596,-0.6611221785372371,-0.18411233179958278,353,94,25.93480672778429,31.76493935585188,353.2952365416294,108.59252965455374
1,11,1101.101101101101,motorcycle,28.101026544874333,25.562700059283788,-2.63357766400716,0.6795785176661503,2.9197231173113405,2.895208584916631,1.5532630963888174,0.7057890044247372,0.5162457288790792,0.183631292924688,2.7185665438261486,-0.08339197095573647,-0.4631826391197442,-0.2927318690288999,349,94,26.072737479369778,31.897252719463182,349.5365801245171,108.83123509839311
1,12,1201.2012012012012,motorcycle,27.848178939395282,25.637895087810442,-2.624627186403702,0.7395741174665493,2.910620034361378,2.869617917699063,1.5532630963888174,0.7057890044247372,0.3511580999541054,0.3444235041784509,2.724234687135666,-0.11909287234204191,-0.26298586370482024,-0.415665727340336,345,94,26.20737770870835,32.02782707917902,345.8084532847347,109.07165742253733
1,13,1301.3013013013015,motorcycle,27.58329990784812,25.727651526327314,-2.628982967031843,0.8159665197406659,2.8956491174894494,2.840737962142774,1.5532630963888174,0.7057890044247372,0.19814032351747707,0.5067711904659803,2.748536351829987,-0.15132985478865546,-0.06879351079379248,-0.5397629851727346,341,94,26.343396468695516,32.15834179230819,341.74148886879414,109.3118706148739
1,14,1401.4014014014015,motorcycle,27.31328921703394,25.827900074568536,-2.6337553707355585,0.9040292528880456,2.876303882659776,2.805873013463801,1.5532630963888174,0.7057890044247372,0.10271333114887357,0.6515617628271027,2.7786438305040138,-0.1818645269361241,0.07171154840868972,-0.655698263684515,337,95,26.477255671994158,32.286226543699826,337.4607759895636,109.54915549568375
1,15,1501.5015015015015,motorcycle,27.038639538936057,25.93452164563191,-2.6314008940404863,0.9983164572141806,2.850473544111031,2.763063562583028,1.5532630963888174,0.7057890044247372,0.07195584419213555,0.7643377943403282,2.8072213401863,-0.20103422868848908,0.1504554392916015,-0.7528300393568338,333,95,26.61182541271262,32.41346641352311,333.0209926030084,109.78987981255105
1,16,1601.6016016016017,motorcycle,26.76202970936209,26.04710586865909,-2.61561629587397,1.0893854940717311,2.811120953910848,2.719878381554249,1.5532630963888174,0.7057890044247372,0.10525505825307756,0.8208287657124014,2.827577566754942,-0.18169883301655854,0.16679045995819258,-0.8105673521526374,328,95,26.77469256895273,32.53830136492914,328.4576349110503,110.03109721048403
1,17,1701.7017017017017,motorcycle,26.483652592744967,26.176219434586816,-2.5878386781781466,1.1683471035619342,2.771874403719917,2.684532307579425,1.5532630963888174,0.7057890044247372,0.17214767212020954,0.8084003223868247,2.8351617528050133,-0.1542783656511263,0.13160215174612194,-0.8159820928839798,323,95,26.931678461983495,32.653788820791604,323.64726607396415,110.2561654412967
1,18,1801.801801801802,motorcycle,26.220943920920675,26.311132992805096,-2.537402422977503,1.2209729322861342,2.735513621057185,2.6590773248051276,1.5532630963888174,0.7057890044247372,0.30095199404389933,0.6986392627814709,2.8133493427604104,-0.11937936629531243,-0.0005079003369309887,-0.7607027436890735,318,95,27.07321097538079,32.754051524361216,318.9274751225321,110.45496957976218
1,19,1901.901901901902,motorcycle,25.969750525634378,26.4469625971448,-2.4637626616668107,1.2393326160794038,2.7040714574406417,2.647663146208037,1.5532630963888174,0.7057890044247372,0.46973205993753503,0.4985977692968029,2.7567874047944065,-0.07870826556765431,-0.21423189934553744,-0.6506555440351764,314,96,27.203619166212434,32.84497619452698,314.31299103324716,110.64090166584958
1,20,2002.002002002002,motorcycle,25.73012086594132,26.57907851715578,-2.3747159433204024,1.2240415322173934,2.683259556173999,2.64953694605542,1.5532630963888174,0.7057890044247372,0.632730140641608,0.24571917033074597,2.671206427124949,-0.04700752854146839,-0.45870747168702464,-0.5003126991820982,309,96,27.324483067234667,32.92946446923426,309.86326126020333,110.82040070566319
1,21,2102.102102102102,motorcycle,25.505479845202885,26.700151413501647,-2.280096370073899,1.1811158340057086,2.671211912045349,2.66569177210787,1.5532630963888174,0.7057890044247372,0.7540574095077799,-0.016155559918512974,2.5677803692757135,-0.019443387705128767,-0.6794857160807507,-0.32735720641539845,305,96,27.441893044073538,33.00990641155403,305.7092111441395,110.99842855652633
1,22,2202.202202202202,motorcycle,25.292004731975055,26.81245492349955,-2.2037493562020676,1.1286347738791311,2.671769597714574,2.6897398138362694,1.5532630963888174,0.7057890044247372,0.7574152302393583,-0.2134221938548559,2.4759347604520707,-0.008645215750525792,-0.7719703996750998,-0.1526059168375411,301,96,27.57508536427315,33.087656465658284,301.78011581050305,111.17673876028522
1,23,2302.3023023023025,motorcycle,25.06395418315846,26.926351865913304,-2.166406901165615,1.085264808319327,2.680990214507229,2.710009512592483,1.5532630963888174,0.7057890044247372,0.6081966463770415,-0.29877036885869024,2.4230215672131457,-0.009222278153425911,-0.6776131587972047,-0.0027020357347687374,297,96,27.717092294615497,33.174224205606876,297.63850125850416,111.38181092013906
1,24,2402.4024024024025,motorcycle,24.821885366494346,27.038867886416494,-2.1570594998302712,1.0538376264590168,2.6918104840578505,2.7267458122614197,1.5532630963888174,0.7057890044247372,0.40833252697766065,-0.30466640027809144,2.4006986392244163,-0.011201445211733496,-0.5001801426294427,0.09683435839392268,293,96,27.868175140412063,33.27119704030484,293.3219483023863,111.6182207731323
1,25,2502.5025025025025,motorcycle,24.568183283849987,27.151688551271306,-2.158830301221698,1.0350728347257743,2.7110525333548425,2.7365375566174395,1.5532630963888174,0.7057890044247372,0.24293926224144574,-0.25916389868780243,2.3938161840156265,-0.039599492485141274,-0.3289338194937602,0.1341191780273271,288,97,28.025820743389545,33.375776044274176,288.83705602180834,111.88025619023591
1,26,2602.602602602603,motorcycle,24.308756502140785,27.2566941688624,-2.1512985982595563,1.0278659292967078,2.7220734014457197,2.730615302993347,1.5532630963888174,0.7057890044247372,0.17783445101332654,-0.18650054377377656,2.3834202802186018,-0.06246435243560566,-0.23837918266840175,0.09789233915618904,284,97,28.18811358311325,33.48931547016879,284.34825636395806,112.17082586781086
1,27,2702.702702702703,motorcycle,24.07561681219302,27.35242851889796,-2.1154840718172174,1.0277003941557596,2.7274779059280454,2.706029450067062,1.5532630963888174,0.7057890044247372,0.24769714947456328,-0.11473778684137725,2.3501940489250086,-0.0896040772383202,-0.2729281765337279,0.005371037242070192,279,97,28.331512067191625,33.590070977611845,280.28015837534633,112.43577272533304
1,28,2802.802802802803,motorcycle,23.857663895175634,27.447154558762307,-2.0745372341524813,1.042727442186254,2.716293037027402,2.6721408455842255,1.5532630963888174,0.7057890044247372,0.3103423653695185,-0.01191239310227779,2.3199502040581943,-0.09389518232400196,-0.2876105421711489,-0.11719413331984102,276,97,28.461846870845363,33.680295170982205,276.40260238368194,112.68064259211262
1,29,2902.902902902903,motorcycle,23.613800496710628,27.56406235117138,-2.053645564191808,1.0798090481281546,2.6992015799510183,2.645614866650033,1.5532630963888174,0.7057890044247372,0.27088493631428096,0.1365296917560419,2.318210342044683,-0.09668760924334396,-0.18635843702251015,-0.23935233110107573,271,98,28.601182575649943,33.77309158725505,271.9250325694794,112.94406222064298
1,30,3003.003003003003,motorcycle,23.3435418233864,27.706428498393283,-2.045598585457196,1.1313723811652159,2.674725396297415,2.6240675514469367,1.5532630963888174,0.7057890044247372,0.19692914780930404,0.28350826602579754,2.3359046633823364,-0.08959040839613674,-0.04824979677440194,-0.3418040129563754,266,98,28.747146399912708,33.86606260426511,266.8022189297853,113.22422185390619
1,31,3103.103103103103,motorcycle,23.108563477723028,27.84796413828178,-2.0243949097616283,1.1804651302881184,2.656793958788308,2.6139946166980943,1.5532630963888174,0.7057890044247372,0.20271202912271902,0.36384366736328866,2.3412538892663743,-0.10100940792823121,-0.00979111594828852,-0.41638745788016324,261,98,28.86339779485303,33.933351311467945,262.1390721609463,113.44779428505375
1,32,3203.2032032032034,motorcycle,22.89646837837764,27.981464112985698,-1.9979738627820336,1.2350388462587245,2.6480491333576373,2.6008231120609677,1.5532630963888174,0.7057890044247372,0.22648488059173982,0.43424796956297107,2.3446339882523985,-0.14110977733627195,0.006268658933828358,-0.4897217619438501,257,98,28.962718545050222,33.989094549217214,257.85957904485844,113.64648689173615
1,33,3303.3033033033034,motorcycle,22.681433145309676,28.119105556298656,-1.980934169305252,1.3095576949718422,2.6354573447475556,2.573960918019444,1.5532630963888174,0.7057890044247372,0.20464381052333325,0.5546745158338416,2.367448349565593,-0.18501311229262318,0.08992008651017949,-0.5843434655602974,253,98,29.059128936198363,34.043054186180484,253.49002653849323,113.84991230061136
1,34,3403.4034034034034,motorcycle,22.482580110675197,28.253507348174587,-1.9680243235966777,1.4050484755224752,2.620033554954951,2.5272845656781406,1.5532630963888174,0.7057890044247372,0.1752648620829383,0.709685602145517,2.406403463293741,-0.23770428831655577,0.20162621765869318,-0.7026509048782659,248,99,29.14200007481702,34.086921803693954,249.36817809923343,114.03238592124168
1,35,3503.5035035035035,motorcycle,22.294130012321826,28.386499173821377,-1.9562001636153867,1.5175409905541957,2.5871704514868843,2.4695168439972495,1.5532630963888174,0.7057890044247372,0.15308092488058428,0.8704565334218168,2.462083405040089,-0.26037481592365497,0.3281035743936592,-0.8206560732786459,244,99,29.214998070268166,34.1235626404989,245.39945092144987,114.20146466466464
1,36,3603.603603603604,motorcycle,22.040820095254762,28.575264623900935,-1.9602307243058419,1.6505466608556845,2.5381924625218564,2.4237526951723223,1.5532630963888174,0.7057890044247372,0.07801848722532757,1.0483698677445021,2.5506707332184737,-0.24675409394210623,0.5306514895972017,-0.9075104740617733,239,99,29.30354065152673,34.164105008299174,239.9575420334656,114.4210341994324
1,37,3703.703703703704,motorcycle,21.814526083138105,28.77737392134939,-1.949842884688358,1.7720878538996188,2.4914688079669554,2.3826723487936174,1.5532630963888174,0.7057890044247372,0.08801770207534493,1.112748433588267,2.6247103617123244,-0.23038696583863771,0.6034670582062889,-0.9390333870484123,234,99,29.361074659880558,34.174094937329954,234.74753118263962,114.57560316462917
1,38,3803.803803803804,motorcycle,21.608743709583926,28.980674300067097,-1.9136568220159327,1.8638047199159031,2.44770019139043,2.3529825516932363,1.5532630963888174,0.7057890044247372,0.1941907372041154,1.0364627982030812,2.663114797903498,-0.2089737773413871,0.5135670591008336,-0.9209853692004882,229,99,29.39853117746128,34.167299455409605,229.81693183738543,114.69439624472422
1,39,3903.903903903904,motorcycle,21.423970656300206,29.17673366064909,-1.8617582111369702,1.9324891506481565,2.416936134863654,2.3249215843919364,1.5532630963888174,0.7057890044247372,0.320083944254577,0.9004644212973595,2.674954062348532,-0.21278796590467497,0.3572427919022386,-0.8863788653989046,224,99,29.4206794930366,34.149925770634155,225.26332967129156,114.78725368214208
1,40,4004.004004004004,motorcycle,21.23610263568741,29.379894386748166,-1.792933253538336,1.974772010788607,2.3827544724303857,2.296524069190615,1.5532630963888174,0.7057890044247372,0.46274899271703124,0.7148686171277931,2.659815635353186,-0.19928605613130101,0.15609868497601365,-0.8371421447780476,220,99,29.436529917362066,34.12820484038616,220.60988691778385,114.88181313573769
1,41,4104.104104104104,motorcycle,21.053483582627265,29.586522000917167,-1.70760047611174,1.9883636129572528,2.348252755012866,2.278904724764061,1.5532630963888174,0.7057890044247372,0.6140513679860401,0.49005018038793713,2.614935506735981,-0.1777682169593271,-0.08147912755156672,-0.7813894122633174,215,100,29.442409995504335,34.09907514711736,216.01128719607843,114.96636660052962
1,42,4204.204204204204,motorcycle,20.898756902258373,29.77367057525414,-1.6258794045580236,2.0003775168580566,2.3336770468499064,2.2681118296280927,1.5532630963888174,0.7057890044247372,0.6926062727739919,0.3463936367907411,2.569463173255477,-0.20700978093088485,-0.22820543706647556,-0.7400096480373048,211,100,29.43705654486493,34.0644258017976,212.01049914162388,115.02560158946696
1,43,4304.304304304304,motorcycle,20.729557801069678,29.98030743039978,-1.5644254298115832,2.0414291068675774,2.314742095827455,2.24007332140615,1.5532630963888174,0.7057890044247372,0.6620600718268099,0.371128327881905,2.5615114911143504,-0.23134088418705612,-0.17526769887863597,-0.7384720767866089,207,100,29.426005045186685,34.02407253396974,207.6347066571147,115.09245183092926
1,44,4404.404404404404,motorcycle,20.563959002323685,30.19349803172472,-1.5048496787218644,2.094018527190262,2.2910483208519934,2.2037090394654317,1.5532630963888174,0.7057890044247372,0.636088264302913,0.4310086237710126,2.566507006336563,-0.25005586214025377,-0.09558421993125826,-0.7623912188955271,202,100,29.40479646482126,33.975384487661614,203.26650032675482,115.14787334898702
1,45,4504.504504504504,motorcycle,20.405525434015903,30.406735315207456,-1.431583663832414,2.137446702327561,2.256975948261156,2.1669749350784495,1.5532630963888174,0.7057890044247372,0.6732957449684116,0.43211074352117623,2.5607145788951233,-0.24668003015399287,-0.09227875321672802,-0.794689553576589,198,100,29.375143271643623,33.92094825811836,199.0204722631392,115.19315117708265
1,46,4604.604604604605,motorcycle,20.26694719755495,30.617204729315425,-1.3482269078584368,2.1761735273887046,2.228034883836061,2.1329183594815326,1.5532630963888174,0.7057890044247372,0.7351941538330744,0.4145512789753899,2.546514380722036,-0.2621288331275009,-0.12096145707071448,-0.8353032578852974,194,100,29.331866704255987,33.85467787401657,195.10132801212936,115.2048075660029
1,47,4704.704704704705,motorcycle,20.131151084369716,30.831266559739028,-1.2589232140037585,2.219459585604191,2.1956686743933567,2.0957473534835023,1.5532630963888174,0.7057890044247372,0.796126457270549,0.42149141644080895,2.536527831742159,-0.2773356624837531,-0.1238835272132241,-0.8922584949355455,190,100,29.281547066629116,33.78328545372739,191.21129656593513,115.21002981907604
1,48,4804.804804804805,motorcycle,20.002548582790922,31.048777704114276,-1.1641107023128352,2.2720196055546245,2.161967736101672,2.057655440412948,1.5532630963888174,0.7057890044247372,0.854768520315229,0.4617053194177945,2.5352299725186804,-0.29972621124420196,-0.09304300635971574,-0.9670284505991122,186,100,29.221995335777876,33.70411387468215,187.41499481233492,115.19958551269032
1,49,4904.904904904905,motorcycle,19.8824899620458,31.265133775620452,-1.0645658183474649,2.342809297639871,2.1279780550652787,2.016974311251673,1.5532630963888174,0.7057890044247372,0.9089981131347887,0.5570089932665208,2.551394974941769,-0.3353199495161666,-0.007914137031648727,-1.0660553244074313,183,100,29.155582553802816,33.619893951311596,183.77419411519696,115.17640982820107
1,50,5005.005005005005,motorcycle,19.768752278896805,31.48064290333692,-0.9602263371716604,2.443855132098208,2.0932260270976424,1.9683258076979773,1.5532630963888174,0.7057890044247372,0.9607696138071256,0.732658488121299,2.597008366871883,-0.38731133171944354,0.15551694708321612,-1.1981991446338112,179,100,29.083683068663163,33.531969477030074,180.25469379777465,115.14459492680291
1,51,5105.105105105105,motorcycle,19.659752231970742,31.702999708981633,-0.8480418339494133,2.582088541403034,2.0541323003124274,1.9037570989100545,1.5532630963888174,0.7057890044247372,1.022868086775882,0.9843441573015688,2.68042424981403,-0.4490902234318046,0.3962238428118638,-1.3631578079392306,176,100,29.002693141563526,33.435768931314556,176.76650294407534,115.0976361313822
1,52,5205.205205205206,motorcycle,19.551644097332886,31.947585768938403,-0.7195716434457915,2.7378775832863913,2.0017206562179375,1.8172433716868577,1.5532630963888174,0.7057890044247372,1.124020576944775,1.2064061197257567,2.788153764363914,-0.48985262822275943,0.6266009716432712,-1.5251915307405592,172,100,28.905152626485773,33.3225044978758,173.12503613376532,115.02484197183908
1,53,5305.305305305305,motorcycle,19.44268664781786,32.22597722091322,-0.5709251428528082,2.8556835673552308,1.9213876233242504,1.7373147278827668,1.5532630963888174,0.7057890044247372,1.2641546039321385,1.1949439415388246,2.878057813298274,-0.4445979969781161,0.6880773177662344,-1.5976631343430279,168,100,28.78456503660047,33.185016006512,169.21552522589218,114.91673259923702
1,54,5405.405405405406,motorcycle,19.344868795332747,32.59081463482086,-0.41633216599185796,2.9309691688192077,1.8202758687985727,1.6534677397828286,1.5532630963888174,0.7057890044247372,1.3729474692687726,1.0230207027775766,2.9430217171903403,-0.3202122938836814,0.6523688136563195,-1.5830259134492084,164,100,28.602598466082895,32.978359428259395,164.77833617794263,114.68556970288994
1,55,5505.505505505505,motorcycle,19.297837094083242,32.90142477671755,-0.27348024204345467,2.9161186280191838,1.744415544901466,1.6073075971432733,1.5532630963888174,0.7057890044247372,1.3939674010906993,0.5682589927055056,2.919520957809841,-0.23438573416004005,0.31891031993375984,-1.4711762660993348,160,100,28.430225078381085,32.78226704049423,161.55359671213293,114.4171452499447
1,56,5605.605605605606,motorcycle,19.263517309842612,33.18472565163924,-0.15537662581920955,2.8353358807206557,1.6913755795477243,1.5851606979078203,1.5532630963888174,0.7057890044247372,1.3108429979223515,0.03433717067810582,2.8334386940233216,-0.1868063691750135,-0.12358987846926336,-1.3054554563186702,158,99,28.26901654096895,32.59997614974557,158.76799156636113,114.15932876781866
1,57,5705.705705705705,motorcycle,19.232796755240813,33.446526157218685,-0.06486302843584349,2.723302296576096,1.6533126735704922,1.5709271170836827,1.5532630963888174,0.7057890044247372,1.1529847288225632,-0.41350440092010804,2.7193823332714935,-0.15981969992900055,-0.5071295917981046,-1.1149794848341492,155,99,28.11954037051646,32.43236917832154,156.23794315143624,113.92359951729088
1,58,5805.805805805806,motorcycle,19.19900505107545,33.70169128649263,-0.000819118663349272,2.6076835748891263,1.6226146107741604,1.5654740251102206,1.5532630963888174,0.7057890044247372,0.9537514723585178,-0.7013858801289816,2.6042257938986095,-0.13424720516671998,-0.7498440833467239,-0.9161429334663111,153,99,27.97532506477586,32.27249432847741,153.74707541248569,113.70637104093822
1,59,5905.905905905906,motorcycle,19.164894006298574,33.94483565679357,0.041174095337169675,2.523766534286305,1.6031105483891033,1.5651401801275837,1.5532630963888174,0.7057890044247372,0.7463447741302651,-0.7545519162260793,2.521118701884568,-0.12269195865342322,-0.7782713489286271,-0.7215766235049607,150,99,27.838550829907604,32.12235918094483,151.3730045539266,113.50728118871233
1,60,6006.006006006006,motorcycle,19.1309183232788,34.18795734996996,0.06721462044954299,2.4986067579685605,1.588180543897121,1.5637638511284877,1.5532630963888174,0.7057890044247372,0.557588296460346,-0.5591933002615189,2.497060799547108,-0.11063859875058807,-0.568801552978012,-0.5477833958205759,148,99,27.70165836180462,31.973247752954222,149.02573723194084,113.31155319200867
1,61,6106.106106106106,motorcycle,19.09983580043428,34.454786977864025,0.08291536619891862,2.542632610530215,1.5782217559260225,1.561718392032671,1.5532630963888174,0.7057890044247372,0.4020106010231836,-0.17134893080487668,2.541946837770192,-0.10179304511467704,-0.17432928079012067,-0.40072719059504186,145,99,27.549163622313785,31.80747272518859,146.5617708586155,113.08754019772493
1,62,6206.206206206206,motorcycle,19.06768683602138,34.7383698064887,0.09287991341098059,2.6196505433380506,1.5663686737527944,1.5544440651247933,1.5532630963888174,0.7057890044247372,0.28458527429639946,0.19387979737019329,2.6200361041068794,-0.08128013719858804,0.1951379376911891,-0.28372405511040777,143,99,27.386940351560128,31.632329739644206,143.98623677860658,112.85223555461936
1,63,6306.306306306306,motorcycle,19.038821978372525,35.030621784480374,0.09895477551018592,2.7083663037884493,1.5575037830011622,1.5493222654514422,1.5532630963888174,0.7057890044247372,0.19766200983125312,0.4626853083975089,2.7094423563124197,-0.0629460158642511,0.4652717862162918,-0.19149446385869637,140,98,27.21858017906021,31.45122013075175,141.42230054614075,112.60557216701514
1,64,6406.406406406407,motorcycle,19.013272506098975,35.345816874590746,0.1026134902282278,2.8027168944072725,1.5579272049404915,1.5510931698791743,1.5532630963888174,0.7057890044247372,0.13511401669363682,0.6489870832727469,2.803805321675552,-0.06653748354587924,0.650672093995029,-0.12675116511527518,138,98,27.03566562395625,31.254918708890017,138.76810929413446,112.33321261411037
1,65,6506.506506506507,motorcycle,18.979850302634272,35.63859925831296,0.1070538130086804,2.8756431834292537,1.5533420930740978,1.5435666482293806,1.5532630963888174,0.7057890044247372,0.09988030027653168,0.6798692874737923,2.877073609205788,-0.05684790668450391,0.6815089745089151,-0.0879990914570086,135,98,26.869283856380434,31.0793549474931,136.20664024735655,112.10588624550664
1,66,6606.606606606607,motorcycle,18.952323681653304,35.94198072423106,0.11221801577567195,2.9333611541514433,1.549766305782298,1.5380809912611115,1.5532630963888174,0.7057890044247372,0.08113279814090973,0.6397782287603064,2.9350722945703533,-0.050509102098893095,0.6413428579301448,-0.06766129995679017,133,98,26.695179249011062,30.89556669097111,133.68044992722264,111.86025066582994
1,67,6706.706706706707,motorcycle,18.928924331328613,36.24705673715687,0.11782436361596112,2.9760059613959777,1.545375030602895,1.530864881030984,1.5532630963888174,0.7057890044247372,0.07137841818237217,0.5567919069246714,2.9780393281594097,-0.04214051330674588,0.5584263418507847,-0.05720250804099507,130,98,26.51950384153551,30.710471173847893,131.22997893439023,111.60926131306397
1,68,6806.806806806807,motorcycle,18.90924960715193,36.54778861490361,0.1219867691283467,3.003089602081726,1.5369622785949928,1.5276563694291514,1.5532630963888174,0.7057890044247372,0.05981077851524122,0.4456707982013072,3.005497402243211,-0.020329660180720716,0.447438988005934,-0.044700577269372634,128,98,26.3461408314663,30.52820527959676,128.8906214099167,111.359607615078
1,69,6906.906906906907,motorcycle,18.897055652307632,36.846476923504575,0.1237629602474043,3.0198767728773053,1.5333295550379342,1.5292367119742083,1.5532630963888174,0.7057890044247372,0.04347933068787886,0.337756210811354,3.0223933450253053,-0.01055753947632597,0.3391478234419758,-0.030797142615511107,126,97,26.172869456149073,30.34549952270686,126.69321325783949,111.10097465560497
1,70,7007.007007007007,motorcycle,18.885866872611015,37.14594591027657,0.12387199098778218,3.032294703030487,1.5322549886916295,1.531082175240036,1.5532630963888174,0.7057890044247372,0.027022297141546518,0.25479144177210916,3.0348158542646693,-0.0069402364392174565,0.25564344483508705,-0.01718465757488162,123,97,25.99988470737935,30.163751256620998,124.5323899935851,110.8442421040528
1,71,7107.107107107107,motorcycle,18.874282805952596,37.4494655547058,0.12311433389172981,3.0419788998498962,1.5321039605855737,1.5320313382610662,1.5532630963888174,0.7057890044247372,0.013592985518929509,0.19343341990213336,3.044464508214556,-0.005350192846410792,0.19381445700765398,-0.0061002823853589265,121,97,25.825677985748342,29.981612421658653,122.36808217498725,110.58930834999333
1,72,7207.207207207208,motorcycle,18.86530535502017,37.75549261923121,0.12200337808049108,3.049195948523567,1.5322203709111648,1.5324284197288582,1.5532630963888174,0.7057890044247372,0.004007076814707014,0.14632772232382876,3.051632698693171,-0.0043161351021585165,0.14637339884651007,0.0016392361632716736,119,97,25.650506790231816,29.798695213860384,120.24953904146807,110.33139444881292
1,73,7307.307307307307,motorcycle,18.86325740299651,38.05991357612342,0.12088452748801062,3.0551539321716454,1.5323438341068534,1.5325709332356907,1.5532630963888174,0.7057890044247372,-0.0018879318113835426,0.11262662426764446,3.0575427100289954,-0.0033458329926047,0.11247079219474633,0.006216243522882618,117,97,25.475904264499746,29.615605145626247,118.2579312180408,110.06522907881421
1,74,7407.407407407408,motorcycle,18.867593192470643,38.364478930890904,0.11999009471181643,3.0615611387244153,1.532422420813161,1.5326493571591382,1.5532630963888174,0.7057890044247372,-0.004623950612610847,0.09375150527521109,3.063910612837654,-0.0024465316839702572,0.09350509104247735,0.00821727508203398,115,97,25.301173942039867,29.43162619640262,116.37292319810427,109.79040216279981
4,0,0.0,motorcycle,48.29107621492209,19.993487078400065,-7.831459980335774,-0.11288570451495109,-3.1276300195738385,-3.1276300195738385,1.881956271160664,0.7707577906497911,0.8857254909125701,0.041440421614830275,7.832272731579746,0.0035304443048198436,-0.8862177525827755,-0.029069723133579112,563,90,17.27741553287865,23.167980263584013,563.061928328947,101.12268214662387
4,1,100.10010010010011,motorcycle,47.4972390527402,20.02641304465577,-7.741337026114692,-0.10883042514042533,-3.128315071107381,-3.12800360530186,1.881956271160664,0.7707577906497911,0.8974077483174036,0.04069787708417625,7.742099622232932,0.006037611383125571,-0.8978689991331825,-0.02877923443818506,559,90,17.66406277380861,23.50019719773499,559.1567056025945,101.45968774586228
4,2,200.20020020020021,motorcycle,46.713094038160406,20.046087135484154,-7.646064533057412,-0.10510245938052928,-3.1279945009529806,-3.127971777926261,1.881956271160664,0.7707577906497911,0.9353313954363374,0.03828738433651811,7.64678678323013,0.0011235939245660131,-0.9357655424704558,-0.02556545742191675,555,91,18.05465184139439,23.84027732395947,555.3213407675269,101.83137098328518
4,3,300.3003003003003,motorcycle,45.938645383845326,20.066213395054763,-7.539969589934222,-0.10190641989781635,-3.127971643269657,-3.1280080013466183,1.881956271160664,0.7707577906497911,1.0083840795862726,0.03455786261730356,7.540658173698613,-0.0008018612804497199,-1.0087612357623772,-0.02081987163486826,551,91,18.4524031264408,24.184975410594802,551.4112717836234,102.21356388471159
4,4,400.40040040040043,motorcycle,45.177710697824246,20.085755795016603,-7.418374977902665,-0.09928368093636523,-3.127995403256097,-3.128022358852714,1.881956271160664,0.7707577906497911,1.1126240371435687,0.030336304192007522,7.419039158001359,-0.0015918904238857862,-1.1129336624720225,-0.015205338480087002,547,91,18.85499336482053,24.53274347597028,547.4565741364318,102.60614260779798
4,5,500.5005005005005,motorcycle,44.430756621036686,20.106303353778827,-7.279958121661458,-0.09709387123963244,-3.1280002494706673,-3.128014208493728,1.881956271160664,0.7707577906497911,1.2342150518215922,0.02652866637688182,7.280605331824833,-0.0018641836662080802,-1.2344616180835792,-0.0097507825933562,543,91,19.26226778154023,24.8827565877381,543.4436558101175,103.00585839815562
4,6,600.6006006006006,motorcycle,43.699136182709296,20.12673972435078,-7.1267144871223485,-0.09512078950007753,-3.1279906430535935,-3.1279984541010624,1.881956271160664,0.7707577906497911,1.3574360295756345,0.02369718542213591,7.127349017933859,-0.001822666157869926,-1.3576327781347657,-0.0052317034579799256,539,92,19.672906795613926,25.23443664569507,539.3939186862274,103.41375572740478
4,7,700.7007007007007,motorcycle,42.98465168175101,20.14666677713964,-6.962124628509415,-0.09319404754476787,-3.12797619086554,-3.1279804498086166,1.881956271160664,0.7707577906497911,1.4709303964419136,0.02193668720061071,6.962748155542978,-0.0016111728660767044,-1.4710927282287027,-0.0019064036128400158,535,92,20.085391404378015,25.586722509111638,535.3246274507692,103.82914413921279
4,8,800.8008008008009,motorcycle,42.288126881054644,20.1661479102787,-6.789369128570125,-0.09121938781853421,-3.127958058954049,-3.1279669728799617,1.881956271160664,0.7707577906497911,1.5694557881153177,0.02108251877477949,6.789981759957233,-0.001356518748543395,-1.5695973504474037,0.00031767129691170556,531,92,20.49874737574669,25.938827510677328,531.2437675176709,104.25092903346004
4,9,900.900900900901,motorcycle,41.60830543078361,20.184544950172143,-6.610621719148171,-0.08915652931654729,-3.12794492497589,-3.1279614402843627,1.881956271160664,0.7707577906497911,1.6524242942139085,0.02090042758996287,6.611222826206328,-0.0010689442063647192,-1.6525556404267716,0.0016526570847051995,527,92,20.913057228258594,26.291238034878944,527.1562859519098,104.68064654672892
4,10,1001.001001001001,motorcycle,40.94784586872984,20.202743756758505,-6.42793883620493,-0.08700613092433444,-3.127940567089284,-3.1279571408091824,1.881956271160664,0.7707577906497911,1.7186994598653722,0.021123953656016516,6.428527605933696,-0.0007540281170143326,-1.718827674293788,0.0023411196874625166,523,93,21.32630992447207,26.641872458951724,523.072019451357,105.11424620272138
4,11,1101.101101101101,motorcycle,40.306074296666054,20.221707412132396,-6.243240965958431,-0.08478716140533735,-3.1279332203687558,-3.127949193439681,1.881956271160664,0.7707577906497911,1.7674288856815064,0.021526158602324815,6.243816651257755,-0.0004972294545531747,-1.7675580306844723,0.002617175648355591,519,93,21.73843856771748,26.990295344806242,518.9810425658542,105.54966171210643
4,12,1201.2012012012012,motorcycle,39.68563273734361,20.24062501198234,-6.058643130866256,-0.08252983493591164,-3.127926530055248,-3.1279322210564118,1.881956271160664,0.7707577906497911,1.7970959269030433,0.021922422955500436,6.059205202505282,-0.00027345993198224505,-1.7972276992770722,0.0026381946460257433,515,93,22.14686938344198,27.334777069015928,514.9150612891976,105.98562201513755
4,13,1301.3013013013015,motorcycle,39.0820098390268,20.260159901955333,-5.87525595184009,-0.08025053850826072,-3.1279060820444857,-3.127905186394263,1.881956271160664,0.7707577906497911,1.810643229812243,0.02225110209666995,5.875803997821488,-0.00016657818898621612,-1.8107781773790865,0.002531706361421561,511,94,22.553954588245006,27.6771219157921,510.844069533989,106.42346297280059
4,14,1401.4014014014015,motorcycle,38.495349122928836,20.27855822457586,-5.693684124930356,-0.07795341797556579,-3.1278809025843195,-3.1278816044199793,1.881956271160664,0.7707577906497911,1.8119085111460342,0.022521731511210574,5.6942177368811935,-0.00012184268814408039,-1.8120469861364792,0.002324045482428462,507,94,22.958692350943238,28.017447142587855,506.79560473730135,106.86573096683543
4,15,1501.5015015015015,motorcycle,37.926217313660615,20.29516860712417,-5.514528699775592,-0.0756445877063168,-3.1278596984783777,-3.1278658184709016,1.881956271160664,0.7707577906497911,1.8033072806757635,0.022732815263971026,5.515047495355581,-9.093996279059546e-05,-1.803449415749851,0.00203328787047782,503,94,23.359984703899045,28.355244159964684,502.7873984259263,107.31248907999503
4,16,1601.6016016016017,motorcycle,37.3761001242145,20.31063462213268,-5.338804325497949,-0.0733404012549681,-3.127844693253803,-3.127854769255313,1.881956271160664,0.7707577906497911,1.7847332472892579,0.02284390317461193,5.33930804848173,-6.188756431284304e-05,-1.7848786341125247,0.0016939245907028992,499,95,23.756228378545018,28.68890557438405,498.8280616018268,107.76039269656084
4,17,1701.7017017017017,motorcycle,36.84588361812764,20.325469396655254,-5.167679779998734,-0.07106135632604119,-3.12783342030456,-3.1278407641204122,1.881956271160664,0.7707577906497911,1.7555288663146642,0.022814292840992092,5.168168343118686,-4.6438264091730463e-05,-1.755676590918353,0.00134183575558159,495,95,24.14612610709412,29.01714473529472,494.924440011079,108.20666753455026
4,18,1801.801801801802,motorcycle,36.3312691655133,20.340398732777402,-5.001306490415199,-0.06880897880721124,-3.1278166093330473,-3.1278257095678255,1.881956271160664,0.7707577906497911,1.7192381456671302,0.022692737789991094,5.001779811014721,-9.359068317410513e-05,-1.7193876165314252,0.0009929671406408193,491,95,24.532241409048538,29.341877065761622,491.0435349453438,108.65282629911465
4,19,1901.901901901902,motorcycle,35.82990473340393,20.35422145479999,-4.839053784083441,-0.0665675231195629,-3.1278005438908894,-3.1278217949795293,1.881956271160664,0.7707577906497911,1.681059169336919,0.022576028686996985,4.839511620907325,-0.00017745281246286937,-1.6812106456017437,0.0006107359299304463,487,95,24.915658289251496,29.664738868941527,487.188677373647,109.10271808385369
4,20,2002.002002002002,motorcycle,35.345208894050586,20.366536056773104,-4.680927913401495,-0.06432961243686044,-3.1277968325548215,-3.1278236200857568,1.881956271160664,0.7707577906497911,1.6416993115219618,0.02249088853779015,4.681369924086577,-0.0002517045722965072,-1.6418533564842857,0.0001591231847240908,483,96,25.293201801408713,29.983285415842374,483.3955978941016,109.55314945132605
4,21,2102.102102102102,motorcycle,34.87676189111254,20.38006801874372,-4.527692361791007,-0.06209243114826134,-3.127794514070471,-3.1278195073118074,1.881956271160664,0.7707577906497911,1.5986546213575106,0.022435975355463343,4.5281180908436784,-0.0003852281510025035,-1.5988120058160926,-0.0003760800431450752,479,96,25.664847436359423,30.296128213342257,479.63183282618644,109.99821883333968
4,22,2202.202202202202,motorcycle,34.4272187624822,20.39423546096817,-4.381287587664975,-0.0598505121289499,-3.127789051330195,-3.127807132329614,1.881956271160664,0.7707577906497911,1.5458290811965227,0.02242075541735782,4.381696316690017,-0.0006308204255008054,-1.5459912901967638,-0.0010812872496792879,476,96,26.027733660589035,30.601162700066894,475.9316108869781,110.43533649549838
4,23,2302.3023023023025,motorcycle,33.99456874531023,20.40850385516564,-4.243817735118178,-0.057569214132496924,-3.127776491614688,-3.127793748970142,1.881956271160664,0.7707577906497911,1.4788587542272833,0.022564169097996887,4.244208058444032,-0.001067688225433648,-1.4790293498082001,-0.0021305134800367505,472,97,26.382738814126583,30.899477042297903,472.29291761903545,110.8665469089774
4,24,2402.4024024024025,motorcycle,33.575740211830485,20.420969660458994,-4.116721043096249,-0.05515980811548251,-3.1277654251358755,-3.1277803360266274,1.881956271160664,0.7707577906497911,1.397656673625666,0.023148756079016793,4.117090189758299,-0.0017664933579208536,-1.3978431381339,-0.003821440871925673,469,97,26.731701974276632,31.193716288381793,468.72226793681045,111.29805172264591
4,25,2502.5025025025025,motorcycle,33.168168598936845,20.433545729725274,-4.000566811602069,-0.05244888818559139,-3.1277520207803375,-3.1277587178866333,1.881956271160664,0.7707577906497911,1.3055399303884407,0.024675779761220932,4.000909539821832,-0.0029247438361587677,-1.305756403238714,-0.0066044944224492065,465,97,27.07643906202037,31.484474416066448,465.1779294558787,111.72812132256266
4,26,2602.602602602603,motorcycle,32.77367466563679,20.444920915748128,-3.8954222041062527,-0.04913080049426385,-3.127734491889905,-3.1277263612336554,1.881956271160664,0.7707577906497911,1.206485491459883,0.027964811181094687,3.895728995598031,-0.004855580086331336,-1.2067571698325497,-0.011242990052683456,461,98,27.414934769113586,31.770752931298574,461.6968991219992,112.15670793266614
4,27,2702.702702702703,motorcycle,32.38985123064041,20.454070527258445,-3.7994692826526593,-0.04466553075260533,-3.127710260572193,-3.1276866573846456,1.881956271160664,0.7707577906497911,1.1102375870164227,0.03442618359680909,3.7997232146203364,-0.008082804823830239,-1.1106085082368076,-0.019010606857823683,458,98,27.74885702520544,32.05457972158986,458.27719673409524,112.58802295918434
4,28,2802.802802802803,motorcycle,32.01546753199953,20.4598378769691,-3.707071915043122,-0.03811793672312939,-3.1276810606581904,-3.127646709156284,1.881956271160664,0.7707577906497911,1.0375659358706129,0.046455161044094896,3.7072434656477045,-0.013455363759694944,-1.0381117806123696,-0.03201693646351263,455,98,28.079002208066242,32.3373038412323,454.9278775798258,113.02540732274342
4,29,2902.902902902903,motorcycle,31.640380499280415,20.460934409575195,-3.6047827298306045,-0.027881450902236433,-3.1276518938936304,-3.1276209446063223,1.881956271160664,0.7707577906497911,1.0314719245014845,0.06812115112247788,3.604821126165854,-0.022373040422396455,-1.032321325370219,-0.05373549526078301,451,99,28.41430924294309,32.6274129644831,451.57955262378783,113.48370898464175
4,30,3003.003003003003,motorcycle,31.380074184621073,20.501580206145505,-3.469029591387066,-0.011283134703964658,3.13821959438726,3.123369752915881,1.881956271160664,0.7707577906497911,1.1575303992939305,0.10604951298943474,3.468971798305279,0.02298429051549728,-1.1571661037752856,-0.10995332086111688,448,99,28.64898580713617,32.80929485049751,448.67320002310885,113.72549181216789
4,31,3103.103103103103,motorcycle,31.044354796480537,20.515061758987525,-3.3602323564548064,-0.002482401100044558,3.12980737009297,3.1317414203567435,1.881956271160664,0.7707577906497911,1.1301036209422992,0.09901086410929212,3.3599697478120096,0.04208260292740112,-1.128858296070761,-0.11232227148158411,445,99,28.955053325367203,33.06810177365777,445.41600470163576,114.12536481272906
4,32,3203.2032032032034,motorcycle,30.736965618514443,20.529456868440953,-3.2721311947359557,-9.157100191303433e-05,3.1344402635548603,3.138508606290892,1.881956271160664,0.7707577906497911,1.0330570614291772,0.0698446536296483,3.2720468444573387,0.02349492766901666,-1.032531085710056,-0.07723163116071809,442,99,29.238189488347928,33.30688435693827,442.36220576212713,114.49493920895824
4,33,3303.3033033033034,motorcycle,30.41701799485193,20.53558336533796,-3.213598376509175,-0.002242252812240577,3.1367568929317597,3.1402931754358283,1.881956271160664,0.7707577906497911,0.859008884125881,0.034387793984747346,3.2135499593007255,0.01778235862831865,-0.8588325498708166,-0.03854133709045318,439,100,29.53636962117571,33.56364507553772,439.2623489257396,114.90613202812006
4,34,3403.4034034034034,motorcycle,30.099910069323926,20.538347570233693,-3.1773685844288813,-0.008996733461865976,3.1382023056901804,0.00015157739675553117,1.881956271160664,0.7707577906497911,0.6660310779105943,-0.005159082716843455,3.1773198213821408,0.01976904602502754,-0.6660447411325864,0.002900980326261927,436,100,29.835340073483394,33.82339252209768,436.1916037814012,115.32899739327192
4,35,3503.5035035035035,motorcycle,29.800168730794002,20.538863600914908,-3.1595202578861756,-0.021117225195421054,-3.1320904863621193,-3.122816434449364,1.881956271160664,0.7707577906497911,0.4766820271492209,-0.05016428088872215,3.1595782769356426,-0.008905566207375693,-0.4761838450065839,0.054691460383856326,433,100,30.121118997091173,34.07331378191485,433.277260729232,115.74102117202526
4,36,3603.603603603604,motorcycle,29.490029668622682,20.52943606801405,-3.164160855389537,-0.031492605342732495,-3.1284154986767576,-3.1243985557041056,1.881956271160664,0.7707577906497911,0.2736225830498979,-0.07092895839985956,3.1643011219439665,-0.010203559911820578,-0.27266421301033794,0.07452826335049235,430,101,30.42088562879553,34.34136218754945,430.35964501883456,116.19676786937102
4,37,3703.703703703704,motorcycle,29.17825916396441,20.516105106775623,-3.1922196650355272,-0.04021152547652755,-3.127295187704297,-3.1260722818882196,1.881956271160664,0.7707577906497911,0.0585713551651692,-0.07720779235137894,3.1924683010892334,-0.005431681241358913,-0.057461530592220464,0.07803729459468309,427,101,30.726117538253334,34.616912889806386,427.4379964300272,116.67204241302544
4,38,3803.803803803804,motorcycle,28.864176873218863,20.49870455637424,-3.242579312687404,-0.048027632349282305,-3.12716150700267,-3.12705038167161,1.881956271160664,0.7707577906497911,-0.15948248628987688,-0.07754753670849118,3.242934741765037,0.0012301181771112446,0.16058494085345285,0.07523802664775708,424,102,31.037726954256414,34.900928139415655,424.5069925221082,117.1686952670559
4,39,3903.903903903904,motorcycle,28.546579544658186,20.476925980396647,-3.312708899959806,-0.055991608090214535,-3.127302385045603,-3.1275459309081,1.881956271160664,0.7707577906497911,-0.3695574085029451,-0.07832887719692497,3.3131707665168424,0.008648002522941678,0.37063897775110144,0.07303998462460227,421,102,31.357218339128906,35.19498264710015,421.5575506301885,117.68979223993416
4,40,4004.004004004004,motorcycle,28.216049410335916,20.45053901387389,-3.3976934037329674,-0.06551007603819516,-3.127471973793794,-3.127834227040786,1.881956271160664,0.7707577906497911,-0.555688631913414,-0.08483582004228404,3.398279686271349,0.017527398795901775,0.5568311320963351,0.07698092184666475,418,102,31.69450832843785,35.50809502257064,418.4925863025928,118.25109680050468
4,41,4104.104104104104,motorcycle,27.869912217868556,20.415737966210063,-3.4908528616983503,-0.07863698210291628,-3.1277122005191917,-3.1281039612280863,1.881956271160664,0.7707577906497911,-0.7012642153111226,-0.10281154681721044,3.4916080629529516,0.03017634344572099,0.702623686193626,0.09306809031323761,415,103,32.053677743372816,35.846128986944805,415.33239942514774,118.86694808122935
4,42,4204.204204204204,motorcycle,27.510528723490438,20.372779975007038,-3.585306066982971,-0.09859871957174501,-3.1281435330542235,-3.1279878399554253,1.881956271160664,0.7707577906497911,-0.7953409335259043,-0.14031679306077913,3.586307844951881,0.05037204266933603,0.7971560850091366,0.12960778946353743,412,103,32.43327111021836,36.20789096174745,412.09176891223774,119.53541870312631
4,43,4304.304304304304,motorcycle,27.13961303154328,20.321802814549052,-3.674845647486831,-0.13035447557804442,-3.1288224488683,-3.125967109574849,1.881956271160664,0.7707577906497911,-0.8338374290752087,-0.20900335575437828,3.6762106161784263,0.08341659099466825,0.8364383827734658,0.198338328788598,408,104,32.832468661053156,36.592828243686384,408.78121272987903,120.25576880681676
4,44,4404.404404404404,motorcycle,26.75887669064054,20.26258019918852,-3.7546578360380023,-0.18082823334454745,-3.1292425757905438,-3.118117771427843,1.881956271160664,0.7707577906497911,-0.8196617978614449,-0.32361973956218926,3.7566046871498515,0.13444530553296713,0.8235959167970686,0.3134724302756966,405,105,33.250492485784264,37.000634690633305,405.41739016091947,121.02800865994342
4,45,4504.504504504504,motorcycle,26.369724426365618,20.19492903291597,-3.8222387899838273,-0.25783944744436704,-3.127005150182088,-3.0970324470027433,1.881956271160664,0.7707577906497911,-0.7635519396601875,-0.49666166010737894,3.8255932204792864,0.20205707049833502,0.7707154976955471,0.4854708959261692,402,105,33.686866555877316,37.43126570545408,402.01388347220166,121.85251798728605
4,46,4604.604604604605,motorcycle,25.980057986259247,20.1188102026681,-3.879409220797478,-0.3664063429013633,-3.1153497236273395,-3.0562165939720005,1.881956271160664,0.7707577906497911,-0.6888493452006776,-0.7249093597184406,3.887687911969012,0.2644848004269201,0.70763371856279,0.7065844044017671,398,106,34.13386944553224,37.87802636100294,398.6584902781343,122.7176365583568
4,47,4704.704704704705,motorcycle,25.59172571733975,20.03126163498168,-3.932923326509681,-0.5038325022803355,-3.0806193014922996,-3.011253044216631,1.881956271160664,0.7707577906497911,-0.6289677107249021,-0.976472621204906,3.9563161040165835,0.26324127270828634,0.6873008247281377,0.9363315317905969,395,107,34.59090398124471,38.34220837519993,395.4176567440671,123.62832989851542
4,48,4804.804804804805,motorcycle,25.168539980119487,19.910780508008983,-3.9950863048576455,-0.6664246914071656,-3.0420958522275257,-2.9690064736521444,1.881956271160664,0.7707577906497911,-0.6258775869688706,-1.2279758531901548,4.041525484811975,0.26628595192683746,0.7447603494723776,1.1597325000800172,392,108,35.106654030375864,38.880554416515906,392.18317876991574,124.7060378157212
4,49,4904.904904904905,motorcycle,24.763757101598344,19.771036193755787,-4.048988067662427,-0.8478472945934563,-3.001976128376782,-2.9253315973149006,1.881956271160664,0.7707577906497911,-0.5919468477687078,-1.454870316618062,4.127578421283966,0.27612638985276794,0.7886515432360792,1.3583362809374564,389,108,35.61907052318634,39.42943782474512,389.38648716213584,125.82381578230054
4,50,5005.005005005005,motorcycle,24.362474961144052,19.61492496109336,-4.093295253878388,-1.0437271655520957,-2.957432358806954,-2.885972573731881,1.881956271160664,0.7707577906497911,-0.5339773810077402,-1.6497490218610493,4.2152075833258715,0.27650942299822356,0.827051860899553,1.5240698468055722,386,109,36.14526440475839,40.0033694070716,386.81461627818805,127.00492146374563
4,51,5105.105105105105,motorcycle,23.967521872056594,19.438984482967196,-4.136460618228065,-1.2560343657556519,-2.918688499741413,-2.8466649341953536,1.881956271160664,0.7707577906497911,-0.49408485003741565,-1.8326820701302688,4.311785315519649,0.3105417314629777,0.8869989056366872,1.6781169061220922,384,110,36.68422388487903,40.603880588139106,384.5645632823918,128.25493150699356
4,52,5205.205205205206,motorcycle,23.567778745950882,19.24945545526993,-4.183541653964435,-1.488961642234912,-2.8789888485785697,-2.796785238040638,1.881956271160664,0.7707577906497911,-0.4848662559964606,-2.0245682462137706,4.426647054286456,0.35188549171484396,0.9938134939725491,1.8292912859846027,382,112,37.248665156504785,41.23994049871004,382.4058370490639,129.5848745128128
4,53,5305.305305305305,motorcycle,23.16570541438619,19.044298371491728,-4.227604639895143,-1.738099729086742,-2.830107536459378,-2.740734460675282,1.881956271160664,0.7707577906497911,-0.4675213785623331,-2.2048308027201076,4.556850061485895,0.3588163550485617,1.1207442898803437,1.9554506756082652,380,113,37.83812048017427,41.91304386711988,380.4046614120802,130.99934992014306
4,54,5405.405405405406,motorcycle,22.75263158095087,18.810499316422586,-4.267550229831145,-1.9954162809657425,-2.7744198188559395,-2.6826661697336402,1.881956271160664,0.7707577906497911,-0.44094136642611914,-2.3468297170281804,4.699411625491228,0.33045646108513504,1.2540114278060308,2.0321157320104044,378,114,38.471480119115085,42.64970946514799,378.6591961460229,132.5584549229942
4,55,5505.505505505505,motorcycle,22.33243220653217,18.546089002877366,-4.298183274203155,-2.244943233825388,-2.712071883879784,-2.6347942981090244,1.881956271160664,0.7707577906497911,-0.38856269666212817,-2.4034894902809696,4.842632885860347,0.25111016411534104,1.3541652762281968,2.0233583725544597,377,115,39.148363342048185,43.45253287558421,377.2620589002222,134.26902731508972
4,56,5605.605605605606,motorcycle,21.91967162556122,18.250578320619272,-4.324104720296435,-2.4770892495627246,-2.6591475120130976,-2.6017261740663575,1.881956271160664,0.7707577906497911,-0.33824544164856796,-2.370742141582911,4.979802245831946,0.18820832817979927,1.3995369808829403,1.9432252879720937,376,117,39.85272349013064,44.30858828175428,376.4383626128948,136.10792040116252
4,57,5705.705705705705,motorcycle,21.513373296301197,17.93753312419049,-4.350787953741871,-2.6905681396672514,-2.6200861434058296,-2.576629887138945,1.881956271160664,0.7707577906497911,-0.3104172744303703,-2.278309676664026,5.112842086023047,0.1654041595890816,1.404177547813541,1.8208073157976021,376,119,40.58159505734852,45.20850536868798,375.97363863469013,138.04681558026368
4,58,5805.805805805806,motorcycle,21.102932024970166,17.612496156717736,-4.380488125814613,-2.887343441601801,-2.588890277691579,-2.557212258073231,1.881956271160664,0.7707577906497911,-0.3050936749989542,-2.1569789165122155,5.244096495322736,0.15773496095525008,1.392058494246494,1.6756531101032706,375,120,41.34955560133346,46.1643805458242,375.6381691540165,140.10392026678807
4,59,5905.905905905906,motorcycle,20.68280603157181,17.270680412991837,-4.416820057853257,-3.0750401008403223,-2.5674841464485065,-2.5376410535210967,1.881956271160664,0.7707577906497911,-0.32755745630257305,-2.047541570851257,5.378713888039739,0.18332472784471454,1.3870344586226806,1.541381128123974,375,122,42.170817544177225,47.19512189871986,375.4409922781023,142.31895628195983
4,60,6006.006006006006,motorcycle,20.252102380222315,16.920997908507275,-4.45152155557293,-3.253674261415669,-2.54689220662314,-2.511948697515614,1.881956271160664,0.7707577906497911,-0.33497669183455425,-1.9454428948874958,5.510173820922456,0.20105925084426923,1.3674217858076199,1.4237679238693928,375,124,43.046424898400176,48.29781604761709,375.21691461166665,144.67910784936856
4,61,6106.106106106106,motorcycle,19.82165223126535,16.566040588354983,-4.475769342575097,-3.415655221213788,-2.5195654215536787,-2.4878753512278124,1.881956271160664,0.7707577906497911,-0.2989719126372178,-1.818394040907505,5.627700042911565,0.16794054052935792,1.3025230480944687,1.3036007064038342,375,126,43.96137337071309,49.457793893934536,375.0830891251815,147.15489325942178
4,62,6206.206206206206,motorcycle,19.388439152905256,16.188549641776426,-4.492553788100169,-3.559784819318049,-2.495460853108062,-2.4662281736674565,1.881956271160664,0.7707577906497911,-0.2479993861725009,-1.6714344234411354,5.730294737297913,0.13722143606686776,1.2043821796775744,1.1851836535664135,375,129,44.93457287548904,50.70910496111148,375.3196587070696,149.82554486635885
4,63,6306.306306306306,motorcycle,18.958082003927537,15.803943053848506,-4.50089120584853,-3.6801021106638614,-2.47068880771323,-2.4555418572888965,1.881956271160664,0.7707577906497911,-0.18405488487387775,-1.4891750383944797,5.813266452456922,0.0842991372207007,1.0699743072345111,1.0519854929993875,375,131,45.95088710992934,52.028019349678345,375.7474545127546,152.6333529686998
4,64,6406.406406406407,motorcycle,18.534459638697275,15.404453732507665,-4.504050963608398,-3.7823733380872717,-2.4604015397067465,-2.447082386992326,1.881956271160664,0.7707577906497911,-0.12485440603607101,-1.3076840369254608,5.880682728041857,0.10195000522493958,0.9204629638361703,0.9372161412087516,376,133,47.01126339149164,53.42476336231368,376.5949091099341,155.6050152854569
4,65,6506.506506506507,motorcycle,18.102539788831262,15.003874407258436,-4.500532450582139,-3.8709314062910556,-2.4496253690178786,-2.4392337021285004,1.881956271160664,0.7707577906497911,-0.06273621970346208,-1.1434678432752385,5.93523542291905,0.10900809823243618,0.7778997322240225,0.8404323580592317,377,136,48.138643858804755,54.91352013148432,377.3639732914545,158.75363426741626
4,66,6606.606606606607,motorcycle,17.670770645251007,14.592440160643106,-4.4898742686984985,-3.9525198100569345,-2.442976973298381,-2.4256289919936775,1.881956271160664,0.7707577906497911,0.0029564237868840715,-1.0159738534897054,5.980141908319269,0.13887603816694405,0.6511681683775452,0.7798664167074779,378,139,49.32883920905272,56.50220057430528,378.39475719978714,162.10343305832353
4,67,6706.706706706707,motorcycle,17.238809488925405,14.180195649423263,-4.471235062391088,-4.027817393251869,-2.4287729793475763,-2.4087173603702072,1.881956271160664,0.7707577906497911,0.07409893210779912,-0.9135783031153193,6.0166525638218555,0.12307665413722946,0.5413949644489211,0.7395995268602691,379,142,50.57983114444028,58.18280479470489,379.4898370162693,165.62929330750535
4,68,6806.806806806807,motorcycle,16.809015402551836,13.750571311441004,-4.4499718636129435,-4.097445336231018,-2.411877067739864,-2.395764258273075,1.881956271160664,0.7707577906497911,0.12779880832604662,-0.828946457671922,6.048442363671592,0.08748053321157112,0.4573668779355729,0.7030649358799312,381,145,51.9047559087802,59.98996901642926,381.0555362736321,169.41264067146918
4,69,6906.906906906907,motorcycle,16.38712101023133,13.308094048756567,-4.426653837246832,-4.159422483914612,-2.3979374829414724,-2.3917790662976923,1.881956271160664,0.7707577906497911,0.16862032408947997,-0.7474982381665962,6.073869541956009,0.06456300647896374,0.38193893425190323,0.6643109815897423,383,148,53.29189128878869,61.91346505170664,383.1356015421813,173.4307309951076
4,70,7007.007007007007,motorcycle,15.972588595688968,12.8555705604613,-4.3975579327767615,-4.217805174012014,-2.394160988906336,-2.388109879841352,1.881956271160664,0.7707577906497911,0.21600269550066592,-0.6837297667797306,6.09241609336266,0.10422285443219081,0.3063458972357588,0.6483022055268948,385,152,54.7438912292742,63.95946637536997,385.69819317398776,177.69257908919832
4,71,7107.107107107107,motorcycle,15.551795280285923,12.39884549491443,-4.357128839451,-4.278887996450683,-2.390625271444624,-2.3746832314710864,1.881956271160664,0.7707577906497911,0.2889445244726613,-0.6551901983091294,6.104871304739737,0.15492114868763274,0.23583972196595968,0.6761233317421516,388,156,56.29662442033856,66.16458933899632,388.3836556852772,182.25785653376204
4,72,7207.207207207208,motorcycle,15.136150513902086,11.941573720207227,-4.299778694046562,-4.341062004880937,-2.377074363174373,-2.3564781239976957,1.881956271160664,0.7707577906497911,0.39919487313112045,-0.6419625469005293,6.108055741917568,0.15675203866455645,0.1562544065878828,0.7396330298053584,391,160,57.92328037022526,68.50268322802786,391.33986345868595,187.07411987332006
4,73,7307.307307307307,motorcycle,14.728168090750138,11.467849070438607,-4.22809478975656,-4.405843095760938,-2.3598145282930543,-2.338277117915678,1.881956271160664,0.7707577906497911,0.5222349707295586,-0.6439815469659165,6.104621033600531,0.14778691333429395,0.08310204528681281,0.8249458452254101,395,165,59.63699582606324,71.01908505807077,395.04302730155456,192.24505271488954
4,74,7407.407407407408,motorcycle,14.334352964747206,10.986049339980669,-4.141654163500487,-4.472173760112168,-2.3421231986605915,-2.320605155782837,1.881956271160664,0.7707577906497911,0.6547398967489745,-0.6512265783292603,6.093581674480923,0.14798556384662698,0.01050976907976614,0.9234012851795173,399,169,61.41216511089044,73.6861712809465,399.4774821833911,197.71179507120138
4,75,7507.507507507507,motorcycle,13.954510231538187,10.498045817819152,-4.040563756792742,-4.54182564080166,-2.3247958716722157,-2.302374175654798,1.881956271160664,0.7707577906497911,0.7926203769306746,-0.6685398862999565,6.076801796039086,0.16375455965141272,-0.05525930328112966,1.0354414763281252,405,174,63.246694376789094,76.5102750864989,404.65150079615717,203.48532181135263
4,76,7607.607607607608,motorcycle,13.589274655429413,10.004681637680093,-3.9247668978509447,-4.6190005492480095,-2.3071470840078043,-2.2802149893498638,1.881956271160664,0.7707577906497911,0.9340092658313058,-0.7083089832205393,6.058158255314625,0.19411293100461657,-0.10246663264944555,1.1677223615068493,411,179,65.13504971629243,79.49690674220597,410.61745315466464,209.57712179305656
4,77,7707.707707707707,motorcycle,13.239336013410876,9.506525643471292,-3.794671453039799,-4.707828746327803,-2.286053148462578,-2.24903522110136,1.881956271160664,0.7707577906497911,1.0759626321620042,-0.7778346994336127,6.0426453531931426,0.2227556436971394,-0.11842173773198506,1.3223837179444187,418,185,67.0692235422369,82.65099012804399,417.43890992462565,215.99892734832224
4,78,7807.807807807808,motorcycle,12.905955673163055,9.000338647512871,-3.653901355507808,-4.8077316401602905,-2.2548948149417356,-2.2169232190509636,1.881956271160664,0.7707577906497911,1.2042062719919753,-0.8633206689183348,6.03511246217645,0.20663060872646488,-0.09196368146490597,1.4788434684502052,426,191,69.03940546692854,85.98703097021377,425.3109470596137,222.78807966828043
4,79,7907.907907907908,motorcycle,12.587350921047632,8.469474323662102,-3.5065193520347755,-4.918235247553786,-2.223589116720852,-2.1912322183787163,1.881956271160664,0.7707577906497911,1.3083057343031494,-0.9567323769275063,6.036885126231177,0.20182638371533557,-0.034655355452435255,1.62043196148753,435,197,71.05806474262988,89.58800935186531,434.8087401215698,230.1335637899721
4,80,8008.008008008008,motorcycle,12.290120009685003,7.928999802114795,-3.3471630700296187,-5.03774001268036,-2.1991435934254033,-2.159539597911633,1.881956271160664,0.7707577906497911,1.4184318867756134,-1.0487891136163054,6.043023094726882,0.253371129626792,0.014704181896670887,1.76399869877975,446,204,73.05704503774683,93.37561645578054,445.73465915717975,237.8845921692448
4,81,8108.108108108108,motorcycle,12.001255043734545,7.384487067739483,-3.1731190363361215,-5.165111900886325,-2.167094213142038,-2.1203743265470973,1.881956271160664,0.7707577906497911,1.5427689298950518,-1.1356186783100866,6.0556886706179425,0.2751364970078054,0.07324097934208951,1.9142626550505764,459,211,75.07267618053743,97.40393514700128,457.7025506514303,246.13493814774844
4,82,8208.208208208209,motorcycle,11.731980296589885,6.825356820257119,-2.9871442401939188,-5.29949091085463,-2.1291445488747662,-2.0753331382480256,1.881956271160664,0.7707577906497911,1.6651070927673937,-1.2159149780316123,6.0772116030251055,0.27410537756778375,0.1491051989801856,2.056404265659595,473,219,77.02020244637191,101.6572467934833,471.42202461075783,254.90825061179444
4,83,8308.308308308307,motorcycle,11.485147554129673,6.249802851383406,-2.7950902904570114,-5.434898776439906,-2.083287141387454,-2.0359277251294783,1.881956271160664,0.7707577906497911,1.763527524206178,-1.269028309706539,6.107226071518062,0.22900688488581178,0.24124599482211284,2.1592273037945073,489,228,78.82563981767964,106.1167600179092,487.1408704370052,264.2142266784125
4,84,8408.408408408408,motorcycle,11.269408571128526,5.6582356405007666,-2.600938899385499,-5.568825043482747,-2.04491191426917,-2.0016629314783274,1.881956271160664,0.7707577906497911,1.831873091805448,-1.2957753231903093,6.1420293471506255,0.2284097677371304,0.3165023262521929,2.2214002318687984,507,236,80.34620539857457,110.68807908457049,505.1393608106373,273.94471163312966
4,85,8508.508508508508,motorcycle,11.072833189605298,5.061739462388063,-2.4041944070045473,-5.699885889318351,-2.009706734749309,-1.9676862255537009,1.881956271160664,0.7707577906497911,1.8837420700607388,-1.3010251481329584,6.1812940880935425,0.24587251660607912,0.37720517235944406,2.258067067324703,527,246,81.56447018655149,115.35759018880174,524.7674296728997,284.09206147459025
4,86,8608.608608608609,motorcycle,10.89274778298274,4.454752020279288,-2.202901113456152,-5.827016514690451,-1.9750929750898838,-1.9326121269872785,1.881956271160664,0.7707577906497911,1.933116118016186,-1.2889938811994142,6.223798466164699,0.2668846767941946,0.42464013586921323,2.2843213229562243,549,255,82.39340067311957,120.11772712456303,546.1835717394881,294.7333816743068
4,87,8708.70870870871,motorcycle,10.729812156136315,3.8366869624020836,-1.9946944301638894,-5.948823578558869,-1.9398605232262502,-1.8951539041080354,1.881956271160664,0.7707577906497911,1.9901346552048849,-1.2609865957721713,6.267833206478851,0.285612909907512,0.4581517450786743,2.311021444955871,573,266,82.69761496997648,124.88333513784261,569.3750706666934,305.8221587744197
4,88,8808.808808808808,motorcycle,10.585450111995968,3.207821172874648,-1.778107603781706,-6.062579253760522,-1.9023001080073796,-1.8549910301631771,1.881956271160664,0.7707577906497911,2.0575185304423647,-1.2126260297050715,6.311208296626674,0.29186245963541824,0.4769524835252723,2.3401625412545743,599,276,82.31212278674934,129.51858773910826,594.219546105464,317.2502463232175
4,89,8908.908908908908,motorcycle,10.460290081485644,2.5706992584184256,-1.554008873535156,-6.164783468179282,-1.8604219291855566,-1.8238384080775354,1.881956271160664,0.7707577906497911,2.1278762502026,-1.1382392231588365,6.351840330180829,0.27133596969601625,0.48312504769990217,2.3643257080187743,626,287,81.07141549820983,133.83882056139913,620.3555939744423,328.839863744159
4,90,9009.009009009009,motorcycle,10.365641140259083,1.9369752011426948,-1.3166479629196712,-6.261130070725378,-1.8326576754039008,-1.785873719818596,1.881956271160664,0.7707577906497911,2.2223551498760137,-1.0700133109075598,6.3885391866137695,0.3491112743845004,0.458215486465815,2.4235984538827164,653,298,78.7628023421737,137.44893082157756,647.0186122917355,340.0028261177769
4,91,9109.10910910911,motorcycle,10.270833326534797,1.2939416373187096,-1.0630201307286355,-6.358167499543201,-1.793832261875838,-1.728612255367434,1.881956271160664,0.7707577906497911,2.34324429410187,-1.0309539151779552,6.435809257222028,0.36968223549019186,0.4871121964310058,2.5132412349692745,681,309,75.50651036368424,140.53783406193872,673.7809497607933,351.31678163729754
4,92,9209.20920920921,motorcycle,10.19574158419725,0.6441025065061647,-0.8053021494937054,-6.448467988715945,-1.734544494100273,-1.6753788851183964,1.881956271160664,0.7707577906497911,2.4330641038230922,-0.9809299361583194,6.493486354549329,0.25668252132764213,0.5711765156527067,2.560426109250346,708,319,71.0142079140553,142.5647376122067,700.1220800423685,362.06848909158145
4,93,9309.30930930931,motorcycle,10.162881904162312,-0.026179263254561963,-0.5597284204658184,-6.532860744120427,-1.6815884537327563,-1.6369567724832463,1.881956271160664,0.7707577906497911,2.440913085836779,-0.9274141243278086,6.554693361654085,0.16601307609564797,0.6518469547815254,2.5284875317378956,734,328,64.89848024613696,142.89715009063246,725.8136379142852,371.54371568799417
4,94,9409.40940940941,motorcycle,10.156277162325898,-0.6909018073379801,-0.33389153776621155,-6.605103921488953,-1.6428222794176377,-1.6069640935677325,1.881956271160664,0.7707577906497911,2.3691675115671362,-0.8475537460922703,6.612006621370457,0.14230183278462039,0.6748622084086375,2.4240179558002604,757,336,57.67506190856693,141.4528720079901,748.5501024087413,379.3668145446139
4,95,9509.509509509511,motorcycle,10.159778680017547,-1.3570988568246063,-0.13078399813418956,-6.665535054810959,-1.6109093701366455,-1.5832006930643563,1.881956271160664,0.7707577906497911,2.2371221291876173,-0.7528855940065338,6.665417900835882,0.13662440593933506,0.6625662442446186,2.2655149768984293,775,343,49.667520637375105,138.24024799300736,767.4698701309576,385.6795716466444
4,96,9609.60960960961,motorcycle,10.17499127779842,-2.03068952549297,0.05115813198386254,-6.716271223869347,-1.5871020720053524,-1.5580479748529634,1.881956271160664,0.7707577906497911,2.0742525770377074,-0.6573693417399509,6.714544257030321,0.16066028577303898,0.623461218592137,2.084695256798651,789,348,41.11753666698746,133.05552976189756,781.7140873004713,390.17365961502003
4,97,9709.70970970971,motorcycle,10.194594750159315,-2.698721442907561,0.21103769619740376,-6.7525883035555685,-1.5595783666965546,-1.5408759708415665,1.881956271160664,0.7707577906497911,1.8890461339341118,-0.5430122045301637,6.754530789081615,0.13527574017638294,0.5641688375437174,1.882835912432279,796,351,32.64207314591738,126.03842851968648,790.1268901336675,392.67197881007496
4,98,9809.80980980981,motorcycle,10.233952968652117,-3.3719876622234866,0.35405357346349114,-6.784079341302555,-1.5428292257436749,-1.533059078457122,1.881956271160664,0.7707577906497911,1.7103379346034495,-0.4543344069950701,6.791326962062498,0.16420881929221626,0.5019836963295851,1.696964340386221,796,353,32.88077275787032,119.92803334970222,792.3094381946694,392.7157984273966
4,99,9909.909909909911,motorcycle,10.277499399052164,-4.055124502434844,0.4957274497716669,-6.8162579091049444,-1.5360208433979141,-1.5163548120713086,1.881956271160664,0.7707577906497911,1.5958044662800384,-0.40275033864431414,6.829372444650708,0.2584368397470618,0.45799052038742516,1.580836618095837,789,354,42.9326179380696,112.5290190424356,787.6320676790396,390.5249368073521
4,100,10010.01001001001,motorcycle,10.314079705876297,-4.742317210943864,0.6465389372400465,-6.844386915192873,-1.5187836745045251,-1.4861524425978727,1.881956271160664,0.7707577906497911,1.5611754095666317,-0.35548684024935473,6.868743931970664,0.289830362879882,0.43617036288328226,1.5405826714487854,773,352,54.93516344546174,103.71315081093246,775.7227047285764,386.2340149329309
4,101,10110.11011011011,motorcycle,10.363959647692436,-5.435784698723428,0.8047371512570802,-6.867479037582341,-1.4877326446197103,-1.4542458260007507,1.881956271160664,0.7707577906497911,1.5686389972661845,-0.30703731673101764,6.910568902891377,0.23218021586025717,0.43612586260757785,1.5377563037017408,746,349,75.7212148785161,93.56660200203527,756.9049855071796,379.55914340255947
4,102,10210.21021021021,motorcycle,10.442063235076795,-6.133999953277257,0.9638654950854031,-6.886317532939416,-1.4555783836046245,-1.4301635569706306,1.881956271160664,0.7707577906497911,1.576812424774983,-0.2608999980810224,6.951468594439673,0.16580180217343077,0.44044555178367994,1.5363638722117259,715,342,99.04194497364699,83.85793271296018,732.1887965794178,370.66126180727633
4,103,10310.310310310311,motorcycle,10.544526983849838,-6.822611336070861,1.1222155834990848,-6.902118418922386,-1.4330308215719838,-1.407731697727284,1.881956271160664,0.7707577906497911,1.5787943131400315,-0.22089342279151764,6.990837158488509,0.1637141049884262,0.43561656818598504,1.5335004378733386,682,334,122.43635519134307,74.08201908273486,703.3596912987432,360.3197686476557
5,0,0.0,car,17.392487155721014,24.031818769917933,4.350058753481895,-6.282685768034499,-0.9285151620609833,-0.9285151620609833,4.4082301899152325,1.7206023772566301,4.714409638116224,3.6050151792307115,7.63653143654331,-0.28024852772758635,-0.06260612045546043,5.934464858108816,219,116,96.4483690934415,51.372206330438615,221.53402723238017,133.60429756752842
5,1,100.10010010010011,car,17.853630938826768,23.41428911741637,4.813998371867162,-5.926180900516445,-0.9084520471064814,-0.8512232370632709,4.4082301899152325,1.7206023772566301,4.65068735775829,3.5701899370504306,7.633556968837333,0.15168517890875188,0.044736775079389446,5.86286173358919,235,116,96.5557394910054,51.51211288966138,236.98452739900353,133.68039003383376
5,2,200.20020020020021,car,18.32987366209296,22.80615598682729,5.249849210313498,-5.585026999072223,-0.8704108114360819,-0.792573438505989,4.4082301899152325,1.7206023772566301,4.44382825594563,3.4571381398241487,7.653870302141083,0.4143823227379726,0.2207965491067938,5.625892157699976,251,116,96.43514639253556,51.602757010321,252.79958037357034,133.74890014225383
5,3,300.3003003003003,car,18.8509018380529,22.217710935287318,5.630716493280605,-5.275082543772632,-0.8153832073481495,-0.7426635612344974,4.4082301899152325,1.7206023772566301,4.069076052939928,3.2455331630675937,7.700558723840318,0.48255508701467864,0.4270052946944216,5.187343435274327,267,116,95.97424658240368,51.57887621265425,269.2732514582335,133.70569777941648
5,4,400.40040040040043,car,19.414296007798814,21.682494634920882,5.930581980034534,-5.0021778490879365,-0.7683189144425343,-0.7003443187615017,4.4082301899152325,1.7206023772566301,3.52681602711899,2.983240934575256,7.740712779494002,0.5243581993204454,0.46292675261257266,4.596069688830273,284,116,95.23956687268495,51.39550550969798,285.7987982491743,133.47974770593885
5,5,500.5005005005005,car,19.99063736689588,21.16854742399103,6.145200557057351,-4.767936072133291,-0.7226271480919213,-0.6694150509143617,4.4082301899152325,1.7206023772566301,2.9044701256477965,2.693771536577996,7.7626459931060054,0.4878846791231397,0.39701232704764444,3.9414125658487618,300,116,94.30848086396054,51.14837043528226,302.2491990802755,133.22729017588637
5,6,600.6006006006006,car,20.58209997014366,20.68304034838104,6.29813228603177,-4.5705035305352055,-0.6887038656954863,-0.6500199580076128,4.4082301899152325,1.7206023772566301,2.332705744065777,2.394150804066484,7.7673256876430266,0.4739456478029238,0.2794416255794212,3.3309738124012913,316,115,93.13300255509637,50.82598179992863,318.48214035798463,132.92441670945266
5,7,700.7007007007007,car,21.181379136305626,20.210032089865948,6.4285708397448404,-4.400681897807828,-0.6665309977814601,-0.6296398338771927,4.4082301899152325,1.7206023772566301,1.9252796480340821,2.1180950778337966,7.773450767837492,0.515739631323695,0.20367406156399692,2.855091129635624,333,115,91.77440355735683,50.464931388887265,334.56013637856137,132.6292552191393
5,8,800.8008008008009,car,21.79156383135402,19.732862935158323,6.560831112887897,-4.2416346883373,-0.6446737327595856,-0.5986794932863099,4.4082301899152325,1.7206023772566301,1.6918156291635151,1.9135381268070242,7.793003386457221,0.5523295572485649,0.2023440800955203,2.546158902950948,349,115,90.25201952697563,50.084069029712936,350.7404437128941,132.37727536912982
5,9,900.900900900901,car,22.408463420957116,19.264655050272737,6.694878826449631,-4.079410663340017,-0.6143484064611591,-0.5632356942452902,4.4082301899152325,1.7206023772566301,1.556491507909135,1.801143681043744,7.822194152494181,0.5256163065408574,0.2336594156005174,2.3690056250372824,365,115,88.59044763818122,49.6743361384367,366.7215791487312,132.1454770514967
5,10,1001.001001001001,car,23.04798367223018,18.8177297395938,6.830697320238008,-3.912601746477919,-0.5801525437224108,-0.5288890624442354,4.4082301899152325,1.7206023772566301,1.4798140795968442,1.7494060439857104,7.85775070879428,0.4718390675768225,0.27874588777688414,2.2743289003471476,381,115,86.90317286861836,49.19623097272276,382.4765331122491,131.8641630533321
5,11,1101.101101101101,car,23.706725111915762,18.397046222819778,6.966630668768711,-3.7420989289225903,-0.5457267239805008,-0.49832639046235716,4.4082301899152325,1.7206023772566301,1.4328546284334103,1.7316448094524288,7.897026544877589,0.41739551790971596,0.32594107515007886,2.2238319513525737,396,114,85.04559864225206,48.6532374137264,397.81474663261014,131.52852651647015
5,12,1201.2012012012012,car,24.383871741219966,17.998710192203927,7.103347802127917,-3.56826236776252,-0.5141079813540584,-0.47226180019471714,4.4082301899152325,1.7206023772566301,1.4069211406011581,1.7335718945969478,7.939833057845297,0.3861312428860306,0.37255244351153827,2.2013412471583087,411,114,83.0471203895321,48.05611043468275,412.73216759241467,131.15105732704086
5,13,1301.3013013013015,car,25.074959024345354,17.621128070824508,7.245657102080037,-3.388478677030646,-0.48837607942658173,-0.44146083894809696,4.4082301899152325,1.7206023772566301,1.4126393607281142,1.7577909420712607,7.988459014106117,0.40725565135548303,0.42275390067895624,2.2150977628463338,426,114,80.94609744234896,47.41827036473822,427.1548312662646,130.7456551416351
5,14,1401.4014014014015,car,25.779269083660676,17.24955442990854,7.391586119234987,-3.201845227359567,-0.45690557511828755,-0.4067372123616535,4.4082301899152325,1.7206023772566301,1.4301828881202026,1.7992034616496262,8.04594013658146,0.3875635903695036,0.48971716162958534,2.2456031019504104,440,114,78.76659464661537,46.761461263542884,441.2829792018196,130.3540448429756
5,15,1501.5015015015015,car,26.5040068610629,16.900153101964424,7.535412901986809,-3.012343258547282,-0.42243295810271825,-0.37304001396503056,4.4082301899152325,1.7206023772566301,1.4327643942425516,1.8356815947667353,8.108008964392099,0.34183350345145547,0.5542219386685814,2.2617203119468616,453,113,76.50556195307871,46.060121687416995,454.9007645115785,129.91771379006576
5,16,1601.6016016016017,car,27.249095602626227,16.575874171508378,7.671269435499917,-2.826405720369408,-0.3878393167828207,-0.34427997171099384,4.4082301899152325,1.7206023772566301,1.403417114861396,1.8441622819631434,8.170427544890536,0.28470648370928986,0.6017409717877394,2.2379503844753437,466,113,74.18774770947101,45.31639688084215,467.92684930937963,129.42947894227615
5,17,1701.7017017017017,car,28.012439763834553,16.275737577175725,7.796396543798474,-2.6493484888937306,-0.3568145749513295,-0.32422417572947265,4.4082301899152325,1.7206023772566301,1.3438435696406092,1.8148951799839748,8.230728571522892,0.24073567594569178,0.6252735747834949,2.1699753479408352,479,113,71.8420387265927,44.53963719591053,480.332862421853,128.89671582143708
5,18,1801.801801801802,car,28.785234524019884,15.998378076769075,7.916141394698651,-2.480230511528251,-0.335462983412823,-0.3073016533847701,4.4082301899152325,1.7206023772566301,1.2865328964229414,1.7661993761320118,8.291387502147497,0.26406677263426914,0.6333748670482682,2.091282718242347,491,113,69.51259276955193,43.748053717683376,492.04658121094144,128.33877720100577
5,19,1901.901901901902,car,29.57045764034787,15.72646174946701,8.037173667798381,-2.312930233652192,-0.3170746024112413,-0.2865540305718162,4.4082301899152325,1.7206023772566301,1.2564736419884206,1.729365334951004,8.3576779669631,0.30826260336539457,0.6546444997944882,2.0349130334318146,502,112,67.19450139701325,42.95717583242521,503.37438658401703,127.79806174120617
5,20,2002.002002002002,car,30.36492740994531,15.46491302249734,8.157738306595407,-2.140919514214222,-0.29655162941825164,-0.2596283903478637,4.4082301899152325,1.7206023772566301,1.236272687250684,1.7251032030213356,8.42728025308037,0.33641965055420986,0.6781924898338663,2.011070900055351,513,112,64.90932054788641,42.16837812543096,514.207987149547,127.26529501307628
5,21,2102.102102102102,car,31.17347073067948,15.219796813767887,8.272106811762555,-1.9639339343719877,-0.2692488823378858,-0.23406501148351183,4.4082301899152325,1.7206023772566301,1.1998840173581633,1.741790098201593,8.496491906939333,0.3072667881511213,0.6933242082965475,1.9982131876991116,523,112,62.65918226405461,41.37227548188983,524.4952104632425,126.71534147478255
5,22,2202.202202202202,car,32.00026621628721,15.006668360487327,8.376944200792291,-1.78248071729134,-0.24471224805436473,-0.2079306996744612,4.4082301899152325,1.7206023772566301,1.1406576613178716,1.7693256320238429,8.55922493813149,0.30016680224679004,0.6780069579547661,1.9929675505197397,533,111,60.459249121853304,40.554070618867,534.0331391141191,126.09927541190333
5,23,2302.3023023023025,car,32.83658843257999,14.808756500628434,8.471077746739711,-1.5997618094385142,-0.2170484635548854,-0.1857476953276983,4.4082301899152325,1.7206023772566301,1.0629109594495403,1.7910801374049827,8.616829431801756,0.2620049264455464,0.652266182814947,1.977952626601712,542,111,58.32453809189701,39.74139348204653,543.0286608288309,125.4764770597924
5,24,2402.4024024024025,car,33.678007150733244,14.640790493417708,8.557416920334802,-1.4161737118532174,-0.19545105484585257,-0.1647697334581512,4.4082301899152325,1.7206023772566301,0.9851175602349971,1.807760177661732,8.669518871444692,0.27271756129893787,0.615277754486548,1.964659449435683,550,110,56.285125407142004,38.92971408962913,551.2494555472135,124.81190744411472
5,25,2502.5025025025025,car,34.5295545727523,14.482798315720403,8.638922068611476,-1.2302945810042651,-0.17399066107732652,-0.13945219758150107,4.4082301899152325,1.7206023772566301,0.9187770131612898,1.8268501727046584,8.721471019720328,0.28380013349066413,0.5886515363385006,1.958321251018572,558,110,54.312458331625976,38.13012702288995,559.0513494249506,124.15279743529597
5,26,2602.602602602603,car,35.388349816200574,14.336924505806062,8.711695269917312,-1.0451379345239495,-0.14730974260754118,-0.11850602013593804,4.4082301899152325,1.7206023772566301,0.8443255524858307,1.8357268894442547,8.770746265636113,0.24486265928236617,0.5657376185372152,1.939773130595695,565,110,52.41644008458536,37.34481419096443,566.3997531873131,123.49618570677906
5,27,2702.702702702703,car,36.25468389813288,14.219455639229574,8.776993070052493,-0.8603940958491131,-0.12663949236891356,-0.10047463038531265,4.4082301899152325,1.7206023772566301,0.7697855347711355,1.8395563951740046,8.815375163344896,0.2550413327353658,0.5312827379031756,1.9220499871165078,572,109,50.61552449761268,36.563352966006576,573.0855107222455,122.79754992696469
5,28,2802.802802802803,car,37.13251030111092,14.10997579882044,8.837210897468138,-0.6714654598439184,-0.10816274803748811,-0.07934939740534407,4.4082301899152325,1.7206023772566301,0.7044818550555891,1.8581295047922537,8.858053233591182,0.28645282501281044,0.49977620275938966,1.9233210048864633,578,109,48.87949939923055,35.796481749724066,579.4424430474227,122.10673699089374
5,29,2902.902902902903,car,38.01627471234587,14.00790986622253,8.890414523504441,-0.47547632625589575,-0.08755800057348496,-0.052286864813038056,4.4082301899152325,1.7206023772566301,0.6373270300333717,1.8968754499413905,8.897936119905406,0.3037777849864079,0.46901109875666314,1.9453407940627212,584,108,47.21708652228426,35.0498381970894,585.4614623564601,121.43063593951142
5,30,3003.003003003003,car,38.90331956640616,13.918493287049998,8.932903405878404,-0.27708582934396836,-0.05995782894250356,-0.026349644816228965,4.4082301899152325,1.7206023772566301,0.5546875544072788,1.9298925633993733,8.933455096523502,0.25868872023242234,0.4380479675626995,1.9596626157052444,590,108,45.63683594644192,34.322320066043076,591.0755966452286,120.75720060183372
5,31,3103.103103103103,car,39.79172901534036,13.856981993770948,8.963444805214905,-0.08217840195145626,-0.03544108259707966,-1.2902913902462787e-05,4.4082301899152325,1.7206023772566301,0.4577939572212997,1.9365827588182711,8.960727917720726,0.23548089192490662,0.38888625450802705,1.9515879611422184,595,107,44.15667298277083,33.606855368232516,596.0986971352106,120.04833418564465
5,32,3203.2032032032034,car,40.683572170633795,13.80572529001624,8.984491188429882,0.09983414286134126,-0.0075325561831257465,0.021164388986718453,4.4082301899152325,1.7206023772566301,0.36169173411813377,1.890664129448488,8.983484303124758,0.16750685528099796,0.34744007397732857,1.893334929669661,600,107,42.74961344025189,32.91152327028337,600.7976564349497,119.34679541362664
5,33,3303.3033033033034,car,41.572276246247,13.779749290277387,9.000448386132337,0.26241245867778157,0.013531386307207295,0.03812416604565796,4.4082301899152325,1.7206023772566301,0.28316121254604554,1.7871987159285099,9.00317511077951,0.14060360785503168,0.3073178280100618,1.7832036549688426,604,106,41.438957808036434,32.23322149515698,604.9741436451889,118.61997179222338
5,34,3403.4034034034034,car,42.465462637897126,13.761416106568943,9.018091797136725,0.4016275616829671,0.031778802674801813,0.05368175909341052,4.4082301899152325,1.7206023772566301,0.24165825597891527,1.6332896325246287,9.026299624507569,0.11488885282129463,0.2934314949860884,1.6247866611175255,608,106,40.18970635745097,31.574604221675273,608.9055665837043,117.90462530063378
5,35,3503.5035035035035,car,43.358582937317095,13.750593625243285,9.040396118127473,0.5121996242389315,0.04873174422599583,0.06525917287057449,4.4082301899152325,1.7206023772566301,0.2343447804606428,1.4280432500693303,9.054614256271705,0.07121164122534024,0.3036300742770042,1.4149324288432519,612,105,39.00479296780259,30.938277168233725,612.5882257423159,117.2038479857699
5,36,3603.603603603604,car,44.25622582792902,13.749570572136802,9.070016022992323,0.5897589043695896,0.062175322188463944,0.06797973130860688,4.4082301899152325,1.7206023772566301,0.25824335256248687,1.174442546353022,9.089135198039765,0.02505143459714232,0.3307186640609212,1.1561271941566993,615,105,37.877611935401774,30.319096650850213,616.0262228571628,116.50739920278706
5,37,3703.703703703704,car,45.1584497786204,13.758700285251809,9.109927821351748,0.6378803476669972,0.06595795754124245,0.06677388759997077,4.4082301899152325,1.7206023772566301,0.31277989433378955,0.905125090858942,9.132161637035106,0.0360566671044068,0.37175669855439675,0.8825415851288821,618,104,36.805770724192826,29.716379865593524,619.2282473930686,115.8139125259501
5,38,3803.803803803804,car,46.073729001458545,13.760914236737078,9.161939387285912,0.6642260710447276,0.06617526147189942,0.06576653906658157,4.4082301899152325,1.7206023772566301,0.3930715418815576,0.6559093134201813,9.185809143489454,0.05692090250531989,0.4355844909667125,0.6284810384552176,622,104,35.759141646238504,29.131362765603527,622.4285763120912,115.1569195742272
5,39,3903.903903903904,car,46.99699349156706,13.758760622905955,9.221125371376658,0.6756195108479619,0.06576768045062456,0.06541404312842394,4.4082301899152325,1.7206023772566301,0.4700169701411586,0.4454551858230947,9.245591989723861,0.0681439479241962,0.498276272710432,0.4136025034391859,625,103,34.74544000042431,28.565433654344787,625.5790684126989,114.53282491131252
5,40,4004.004004004004,car,47.93161554388446,13.757046804348242,9.282017080257301,0.677383260142741,0.06555381522216534,0.0654145426174867,4.4082301899152325,1.7206023772566301,0.5237055015525297,0.2793574853799625,9.306453663042662,0.06789239242879574,0.5408804796778304,0.2444511478755679,628,103,33.764878265290236,28.013951423472804,628.6390220139988,113.9272396528025
5,41,4104.104104104104,car,48.87218650171478,13.759062501380154,9.340562533113312,0.6734758951800021,0.06552467257329932,0.06550216260852969,4.4082301899152325,1.7206023772566301,0.5474509195291608,0.15574873803323758,9.364615650759012,0.06043120012083836,0.5564741882832152,0.11956862659914852,631,103,32.82505120458541,27.47834123893938,631.5593529216258,113.33550679417598
5,42,4204.204204204204,car,49.81943031670072,13.766363639730775,9.393782528429204,0.6667354034705343,0.065578851426466,0.06560803791472031,4.4082301899152325,1.7206023772566301,0.5413234507420002,0.0691403853743367,9.417282791915325,0.04971022790415447,0.544690761724124,0.03351783563018318,634,102,31.92494463904734,26.95708102339195,634.3323917750176,112.75304546291957
5,43,4304.304304304304,car,50.767920256373344,13.778372093851464,9.440494375876835,0.6591271476298219,0.06565623746271644,0.06572365359089456,4.4082301899152325,1.7206023772566301,0.5123336447521314,0.012790294198559343,9.463398642215505,0.03832487727962519,0.5120689318131829,-0.020851000992631624,636,102,31.067084013109252,26.45271746464337,636.9554648400251,112.1836854811976
5,44,4404.404404404404,car,51.721477460630105,13.796623469594625,9.479977898895786,0.6518364188949178,0.06575897972203829,0.06587822618259753,4.4082301899152325,1.7206023772566301,0.4665641715671236,-0.02045161099463144,9.502321630018923,0.02748308979747105,0.46421185848545754,-0.05106608486921263,639,101,30.247320986403793,25.96206958623405,639.431451398265,111.62117338159533
5,45,4504.504504504504,car,52.67741656542636,13.821809039812932,9.51285854690968,0.6454498056912342,0.065893307204096,0.06607355194878863,4.4082301899152325,1.7206023772566301,0.4129551119053144,-0.037281553680271556,9.534713996567461,0.017668866402277605,0.4096040980503853,-0.06439193702534554,641,101,29.466643993399884,25.48574041412799,641.7535580423732,111.06498214040954
5,46,4604.604604604605,car,53.63075428350891,13.85649356109259,9.541670085479998,0.6401066157981756,0.06606674991854616,0.06629697725473034,4.4082301899152325,1.7206023772566301,0.3643769668591272,-0.04353082787581982,9.563112850159394,0.00878150606357786,0.360708188341983,-0.06749155366456056,643,101,28.729201515711793,25.024691616858064,643.8920928272689,110.51163713671622
5,47,4704.704704704705,car,54.58787783510124,13.903653783565966,9.569565205834877,0.6354898877464955,0.06627643731317724,0.06650648264674873,4.4082301899152325,1.7206023772566301,0.33110398780176087,-0.04453644945731854,9.590642602158209,0.0003222135414058247,0.3274274991286364,-0.06636700146051269,645,100,28.030153079376305,24.574483641354462,645.8445564121664,109.95135114558263
